{
  "productInf": [
    {
      "name": "IBM WebSphere Application Server Network Deployment",
      "id": "ND",
      "version": "8.5.5.13",
      "buildDate": "1/12/18",
      "buildLevel": "cf131801.05"
    }
  ],
  "profiles": [
    {
      "name": "Dmgr01",
      "profilePath": "/opt/IBM/WebSphere/AppServer/profiles/Dmgr01",
      "cellName": "RHEL73Cell01",
      "servers": [
        {
          "name": "proxy_server",
          "displayName": "",
          "serverType": "PROXY_SERVER"
        }
      ],
      "applications": [
        "/opt/IBM/WebSphere/AppServer/profiles/Dmgr01/config/cells/RHEL73Cell01/applications/PlantsByWebSphereEE6.ear/PlantsByWebSphereEE6.ear"
      ],
      "appsInfo": [],
      "isStandalone": false,
      "webSphereVersion": "was855",
      "javaVersion": "ibm6",
      "appsFound": true,
      "serverClasspath": [],
      "webSphereVariables": [
        {
          "name": "SERVER_LOG_ROOT",
          "scope": "/opt/IBM/WebSphere/AppServer/profiles/Dmgr01/config/cells/RHEL73Cell01/nodes/RHEL73CellManager01/servers/dmgr",
          "value": "/opt/IBM/WebSphere/AppServer/profiles/Dmgr01/logs/dmgr"
        },
        {
          "name": "WAS_SERVER_NAME",
          "scope": "/opt/IBM/WebSphere/AppServer/profiles/Dmgr01/config/cells/RHEL73Cell01/nodes/RHEL73CellManager01/servers/dmgr",
          "value": "dmgr"
        },
        {
          "name": "WAS_INSTALL_ROOT",
          "scope": "/opt/IBM/WebSphere/AppServer/profiles/Dmgr01/config/cells/RHEL73Cell01/nodes/RHEL73CellManager01",
          "value": "/opt/IBM/WebSphere/AppServer"
        },
        {
          "name": "USER_INSTALL_ROOT",
          "scope": "/opt/IBM/WebSphere/AppServer/profiles/Dmgr01/config/cells/RHEL73Cell01/nodes/RHEL73CellManager01",
          "value": "/opt/IBM/WebSphere/AppServer/profiles/Dmgr01"
        },
        {
          "name": "WAS_LIBS_DIR",
          "scope": "/opt/IBM/WebSphere/AppServer/profiles/Dmgr01/config/cells/RHEL73Cell01/nodes/RHEL73CellManager01",
          "value": "/opt/IBM/WebSphere/AppServer/lib"
        },
        {
          "name": "WAS_PROPS_DIR",
          "scope": "/opt/IBM/WebSphere/AppServer/profiles/Dmgr01/config/cells/RHEL73Cell01/nodes/RHEL73CellManager01",
          "value": "/opt/IBM/WebSphere/AppServer/profiles/Dmgr01/properties"
        },
        {
          "name": "WAS_TEMP_DIR",
          "scope": "/opt/IBM/WebSphere/AppServer/profiles/Dmgr01/config/cells/RHEL73Cell01/nodes/RHEL73CellManager01",
          "value": "/opt/IBM/WebSphere/AppServer/profiles/Dmgr01/temp"
        },
        {
          "name": "APP_INSTALL_ROOT",
          "scope": "/opt/IBM/WebSphere/AppServer/profiles/Dmgr01/config/cells/RHEL73Cell01/nodes/RHEL73CellManager01",
          "value": "/opt/IBM/WebSphere/AppServer/profiles/Dmgr01/installedApps"
        },
        {
          "name": "LOG_ROOT",
          "scope": "/opt/IBM/WebSphere/AppServer/profiles/Dmgr01/config/cells/RHEL73Cell01/nodes/RHEL73CellManager01",
          "value": "/opt/IBM/WebSphere/AppServer/profiles/Dmgr01/logs"
        },
        {
          "name": "DRIVER_PATH",
          "scope": "/opt/IBM/WebSphere/AppServer/profiles/Dmgr01/config/cells/RHEL73Cell01/nodes/RHEL73CellManager01",
          "value": "/opt/IBM/WebSphere/AppServer"
        },
        {
          "name": "JAVA_HOME",
          "scope": "/opt/IBM/WebSphere/AppServer/profiles/Dmgr01/config/cells/RHEL73Cell01/nodes/RHEL73CellManager01",
          "value": "/opt/IBM/WebSphere/AppServer/java"
        },
        {
          "name": "MQ_INSTALL_ROOT",
          "scope": "/opt/IBM/WebSphere/AppServer/profiles/Dmgr01/config/cells/RHEL73Cell01/nodes/RHEL73CellManager01",
          "value": "/opt/IBM/WebSphere/AppServer/lib/WMQ"
        },
        {
          "name": "DEPLOY_TOOL_ROOT",
          "scope": "/opt/IBM/WebSphere/AppServer/profiles/Dmgr01/config/cells/RHEL73Cell01/nodes/RHEL73CellManager01",
          "value": "/opt/IBM/WebSphere/AppServer/deploytool/itp"
        },
        {
          "name": "CONNECTOR_INSTALL_ROOT",
          "scope": "/opt/IBM/WebSphere/AppServer/profiles/Dmgr01/config/cells/RHEL73Cell01/nodes/RHEL73CellManager01",
          "value": "/opt/IBM/WebSphere/AppServer/profiles/Dmgr01/installedConnectors"
        },
        {
          "name": "WAS_ETC_DIR",
          "scope": "/opt/IBM/WebSphere/AppServer/profiles/Dmgr01/config/cells/RHEL73Cell01/nodes/RHEL73CellManager01",
          "value": "/opt/IBM/WebSphere/AppServer/profiles/Dmgr01/etc"
        },
        {
          "name": "UNIVERSAL_JDBC_DRIVER_PATH",
          "scope": "/opt/IBM/WebSphere/AppServer/profiles/Dmgr01/config/cells/RHEL73Cell01/nodes/RHEL73CellManager01",
          "value": "/opt/IBM/WebSphere/AppServer/universalDriver/lib"
        },
        {
          "name": "DERBY_JDBC_DRIVER_PATH",
          "scope": "/opt/IBM/WebSphere/AppServer/profiles/Dmgr01/config/cells/RHEL73Cell01/nodes/RHEL73CellManager01",
          "value": "/opt/IBM/WebSphere/AppServer/derby/lib"
        },
        {
          "name": "WAS_INSTALL_LIBRARY",
          "scope": "/opt/IBM/WebSphere/AppServer/profiles/Dmgr01/config/cells/RHEL73Cell01/nodes/RHEL73CellManager01",
          "value": "$(was.install.library)"
        },
        {
          "name": "LOCALHOST_NAME",
          "scope": "/opt/IBM/WebSphere/AppServer/profiles/Dmgr01/config/cells/RHEL73Cell01/nodes/RHEL73CellManager01",
          "value": "localhost"
        },
        {
          "name": "ARS_NAME",
          "scope": "/opt/IBM/WebSphere/AppServer/profiles/Dmgr01/config/cells/RHEL73Cell01/nodes/RHEL73CellManager01",
          "value": "ibmARS.ear"
        },
        {
          "name": "WAS_SERVER_NAME",
          "scope": "/opt/IBM/WebSphere/AppServer/profiles/Dmgr01/config/cells/RHEL73Cell01/nodes/RHEL73Node01/servers/nodeagent",
          "value": "nodeagent"
        },
        {
          "name": "SERVER_LOG_ROOT",
          "scope": "/opt/IBM/WebSphere/AppServer/profiles/Dmgr01/config/cells/RHEL73Cell01/nodes/RHEL73Node01/servers/server1",
          "value": "/opt/IBM/WebSphere/AppServer/profiles/Dmgr01/logs/server1"
        },
        {
          "name": "WAS_SERVER_NAME",
          "scope": "/opt/IBM/WebSphere/AppServer/profiles/Dmgr01/config/cells/RHEL73Cell01/nodes/RHEL73Node01/servers/server1",
          "value": "server1"
        },
        {
          "name": "DB2UNIVERSAL_JDBC_DRIVER_PATH",
          "scope": "/opt/IBM/WebSphere/AppServer/profiles/Dmgr01/config/cells/RHEL73Cell01/nodes/RHEL73Node01",
          "value": "/home/db2inst1/sqllib/java"
        },
        {
          "name": "WAS_INSTALL_ROOT",
          "scope": "/opt/IBM/WebSphere/AppServer/profiles/Dmgr01/config/cells/RHEL73Cell01/nodes/RHEL73Node01",
          "value": "/opt/IBM/WebSphere/AppServer"
        },
        {
          "name": "USER_INSTALL_ROOT",
          "scope": "/opt/IBM/WebSphere/AppServer/profiles/Dmgr01/config/cells/RHEL73Cell01/nodes/RHEL73Node01",
          "value": "/opt/IBM/WebSphere/AppServer/profiles/AppSrv01"
        },
        {
          "name": "WAS_LIBS_DIR",
          "scope": "/opt/IBM/WebSphere/AppServer/profiles/Dmgr01/config/cells/RHEL73Cell01/nodes/RHEL73Node01",
          "value": "/opt/IBM/WebSphere/AppServer/lib"
        },
        {
          "name": "WAS_PROPS_DIR",
          "scope": "/opt/IBM/WebSphere/AppServer/profiles/Dmgr01/config/cells/RHEL73Cell01/nodes/RHEL73Node01",
          "value": "/opt/IBM/WebSphere/AppServer/profiles/Dmgr01/properties"
        },
        {
          "name": "WAS_TEMP_DIR",
          "scope": "/opt/IBM/WebSphere/AppServer/profiles/Dmgr01/config/cells/RHEL73Cell01/nodes/RHEL73Node01",
          "value": "/opt/IBM/WebSphere/AppServer/profiles/Dmgr01/temp"
        },
        {
          "name": "APP_INSTALL_ROOT",
          "scope": "/opt/IBM/WebSphere/AppServer/profiles/Dmgr01/config/cells/RHEL73Cell01/nodes/RHEL73Node01",
          "value": "/opt/IBM/WebSphere/AppServer/profiles/Dmgr01/installedApps"
        },
        {
          "name": "LOG_ROOT",
          "scope": "/opt/IBM/WebSphere/AppServer/profiles/Dmgr01/config/cells/RHEL73Cell01/nodes/RHEL73Node01",
          "value": "/opt/IBM/WebSphere/AppServer/profiles/Dmgr01/logs"
        },
        {
          "name": "DRIVER_PATH",
          "scope": "/opt/IBM/WebSphere/AppServer/profiles/Dmgr01/config/cells/RHEL73Cell01/nodes/RHEL73Node01",
          "value": "/opt/IBM/WebSphere/AppServer"
        },
        {
          "name": "JAVA_HOME",
          "scope": "/opt/IBM/WebSphere/AppServer/profiles/Dmgr01/config/cells/RHEL73Cell01/nodes/RHEL73Node01",
          "value": "/opt/IBM/WebSphere/AppServer/java"
        },
        {
          "name": "MQ_INSTALL_ROOT",
          "scope": "/opt/IBM/WebSphere/AppServer/profiles/Dmgr01/config/cells/RHEL73Cell01/nodes/RHEL73Node01",
          "value": "/opt/IBM/WebSphere/AppServer/lib/WMQ"
        },
        {
          "name": "DEPLOY_TOOL_ROOT",
          "scope": "/opt/IBM/WebSphere/AppServer/profiles/Dmgr01/config/cells/RHEL73Cell01/nodes/RHEL73Node01",
          "value": "/opt/IBM/WebSphere/AppServer/deploytool/itp"
        },
        {
          "name": "CONNECTOR_INSTALL_ROOT",
          "scope": "/opt/IBM/WebSphere/AppServer/profiles/Dmgr01/config/cells/RHEL73Cell01/nodes/RHEL73Node01",
          "value": "/opt/IBM/WebSphere/AppServer/profiles/Dmgr01/installedConnectors"
        },
        {
          "name": "WAS_ETC_DIR",
          "scope": "/opt/IBM/WebSphere/AppServer/profiles/Dmgr01/config/cells/RHEL73Cell01/nodes/RHEL73Node01",
          "value": "/opt/IBM/WebSphere/AppServer/profiles/Dmgr01/etc"
        },
        {
          "name": "UNIVERSAL_JDBC_DRIVER_PATH",
          "scope": "/opt/IBM/WebSphere/AppServer/profiles/Dmgr01/config/cells/RHEL73Cell01/nodes/RHEL73Node01",
          "value": "/opt/IBM/WebSphere/AppServer/universalDriver/lib"
        },
        {
          "name": "DERBY_JDBC_DRIVER_PATH",
          "scope": "/opt/IBM/WebSphere/AppServer/profiles/Dmgr01/config/cells/RHEL73Cell01/nodes/RHEL73Node01",
          "value": "/opt/IBM/WebSphere/AppServer/derby/lib"
        },
        {
          "name": "WAS_INSTALL_LIBRARY",
          "scope": "/opt/IBM/WebSphere/AppServer/profiles/Dmgr01/config/cells/RHEL73Cell01/nodes/RHEL73Node01",
          "value": "$(was.install.library)"
        },
        {
          "name": "LOCALHOST_NAME",
          "scope": "/opt/IBM/WebSphere/AppServer/profiles/Dmgr01/config/cells/RHEL73Cell01/nodes/RHEL73Node01",
          "value": "localhost"
        },
        {
          "name": "ARS_NAME",
          "scope": "/opt/IBM/WebSphere/AppServer/profiles/Dmgr01/config/cells/RHEL73Cell01/nodes/RHEL73Node01",
          "value": "ibmARS.ear"
        },
        {
          "name": "WAS_CELL_NAME",
          "scope": "/opt/IBM/WebSphere/AppServer/profiles/Dmgr01/config/cells/RHEL73Cell01",
          "value": "RHEL73Cell01"
        },
        {
          "name": "GRID_JOBLOG_ROOT",
          "scope": "/opt/IBM/WebSphere/AppServer/profiles/Dmgr01/config/cells/RHEL73Cell01",
          "value": "/opt/IBM/WebSphere/AppServer/profiles/Dmgr01"
        },
        {
          "name": "DERBY_JDBC_DRIVER_PATH",
          "scope": "/opt/IBM/WebSphere/AppServer/profiles/Dmgr01/config/cells/RHEL73Cell01",
          "value": "/opt/IBM/WebSphere/AppServer/derby/lib"
        },
        {
          "name": "GRID_ENDPOINT_DATASOURCE",
          "scope": "/opt/IBM/WebSphere/AppServer/profiles/Dmgr01/config/cells/RHEL73Cell01",
          "value": "jdbc/pgc"
        },
        {
          "name": "GERONIMO_HOME",
          "scope": "/opt/IBM/WebSphere/AppServer/profiles/Dmgr01/config/cells/RHEL73Cell01",
          "value": "/opt/IBM/WebSphere/AppServerCommunityEdition"
        },
        {
          "name": "JBOSS_HOME",
          "scope": "/opt/IBM/WebSphere/AppServer/profiles/Dmgr01/config/cells/RHEL73Cell01",
          "value": "/usr/local/jboss"
        },
        {
          "name": "CATALINA_HOME",
          "scope": "/opt/IBM/WebSphere/AppServer/profiles/Dmgr01/config/cells/RHEL73Cell01",
          "value": "/usr/local/apache-tomcat"
        },
        {
          "name": "WLP_INSTALL_DIR",
          "scope": "/opt/IBM/WebSphere/AppServer/profiles/Dmgr01/config/cells/RHEL73Cell01",
          "value": "/opt/IBM/WebSphere/AppServer/wlp"
        },
        {
          "name": "WLP_USER_DIR",
          "scope": "/opt/IBM/WebSphere/AppServer/profiles/Dmgr01/config/cells/RHEL73Cell01",
          "value": "/opt/IBM/WebSphere/AppServer/wlp/usr"
        },
        {
          "name": "WLP_OUTPUT_DIR",
          "scope": "/opt/IBM/WebSphere/AppServer/profiles/Dmgr01/config/cells/RHEL73Cell01",
          "value": "/opt/IBM/WebSphere/AppServer/wlp/usr/servers"
        },
        {
          "name": "WEBLOGIC_ADMINHOST",
          "scope": "/opt/IBM/WebSphere/AppServer/profiles/Dmgr01/config/cells/RHEL73Cell01",
          "value": "localhost"
        },
        {
          "name": "WEBLOGIC_ADMINPORT",
          "scope": "/opt/IBM/WebSphere/AppServer/profiles/Dmgr01/config/cells/RHEL73Cell01",
          "value": "7001"
        },
        {
          "name": "WEBLOGIC_ADMINPROTOCOL",
          "scope": "/opt/IBM/WebSphere/AppServer/profiles/Dmgr01/config/cells/RHEL73Cell01",
          "value": "t3"
        },
        {
          "name": "WEBLOGIC_ADMINURL",
          "scope": "/opt/IBM/WebSphere/AppServer/profiles/Dmgr01/config/cells/RHEL73Cell01",
          "value": "t3://localhost:7001"
        },
        {
          "name": "WEBLOGIC_SERVERROOT",
          "scope": "/opt/IBM/WebSphere/AppServer/profiles/Dmgr01/config/cells/RHEL73Cell01",
          "value": "/opt/bea\\\\user_projects\\\\domains\\\\myDomain"
        },
        {
          "name": "WEBLOGIC_HOME",
          "scope": "/opt/IBM/WebSphere/AppServer/profiles/Dmgr01/config/cells/RHEL73Cell01",
          "value": "/opt/bea\\\\weblogic"
        },
        {
          "name": "WEBLOGIC_DOMAINNAME",
          "scope": "/opt/IBM/WebSphere/AppServer/profiles/Dmgr01/config/cells/RHEL73Cell01",
          "value": "myDomain"
        },
        {
          "name": "WEBLOGIC_DOMAINDIR",
          "scope": "/opt/IBM/WebSphere/AppServer/profiles/Dmgr01/config/cells/RHEL73Cell01",
          "value": "/opt/bea\\\\user_projects\\\\domains\\\\myDomain"
        },
        {
          "name": "BEA_HOME",
          "scope": "/opt/IBM/WebSphere/AppServer/profiles/Dmgr01/config/cells/RHEL73Cell01",
          "value": "/opt/bea"
        }
      ],
      "archive": {
        "domain": "javaAppServer",
        "archiveName": "Dmgr01",
        "archiveType": "profile",
        "assessmentUnits": [
          "PlantsByWebSphereEE6.ear"
        ],
        "dcVersion": "2.4.1",
        "middleware": "was",
        "host": "RHEL73"
      },
      "ignoreMissingBinary": false,
      "scanBinaryLocation": false,
      "hasConfig": true,
      "locale": "en",
      "assessUnitNames": [
        "PlantsByWebSphereEE6.ear"
      ]
    }
  ],
  "appsToScan_user": [
    ""
  ],
  "scanNodeFlag": false,
  "ignoreMissingSharedLibrary": false,
  "ignoreMissingBinary": false,
  "scanBinaryLocation": false,
  "locale": "en"
}