<?xml version="1.0" encoding="UTF-8" standalone="no"?>
<server description="Configuration generated by binaryAppScanner">
    <featureManager>
        <!--The following features are available in Open Liberty.-->
        <feature>appSecurity-2.0</feature>
        <feature>beanValidation-1.1</feature>
        <feature>cdi-1.2</feature>
        <feature>ejbLite-3.2</feature>
        <feature>javaMail-1.5</feature>
        <feature>jndi-1.0</feature>
        <feature>jpa-2.1</feature>
        <feature>jsf-2.2</feature>
        <feature>jsp-2.3</feature>
        <feature>servlet-3.1</feature>
    </featureManager>
    <!-- This configuration was migrated on 2/17/21 at 10:01:55 AM from the following location: /opt/IBM/WebSphere/AppServer/profiles/Dmgr01 -->
    <!-- The binary scanner does not support the migration of all WebSphere traditional configuration elements. Check the binary scanner documentation for the list of supported configuration elements. -->
    <!-- The following WebSphere traditional variables are used by the configuration but were not migrated: [WAS_INSTALL_ROOT]. Remove these variables from the configuration or provide each one with an appropriate definition. -->
    <applicationManager autoExpand="true"/>
    <httpEndpoint host="${httpEndpoint_host_1}" httpPort="${httpEndpoint_port_1}" httpsPort="${httpEndpoint_secure_port_1}" id="defaultHttpEndpoint"/>
    <enterpriseApplication location="PlantsByWebSphereEE6.ear"/>
    <authData id="RHEL73CellManager01/db2alias" password="${RHEL73CellManager01_db2alias_password_1}" user="${RHEL73CellManager01_db2alias_user_1}"/>
    <jdbcDriver id="DB2_Universal_JDBC_Driver_Provider_(XA)">
        <library>
            <file name="${DB2UNIVERSAL_JDBC_DRIVER_PATH}/db2jcc.jar"/>
            <file name="${UNIVERSAL_JDBC_DRIVER_PATH}/db2jcc_license_cu.jar"/>
            <file name="${DB2UNIVERSAL_JDBC_DRIVER_PATH}/db2jcc_license_cisuz.jar"/>
        </library>
    </jdbcDriver>
    <dataSource beginTranForResultSetScrollingAPIs="false" beginTranForVendorAPIs="false" containerAuthDataRef="RHEL73CellManager01/db2alias" id="DB2 Universal JDBC Driver XA DataSource" jdbcDriverRef="DB2_Universal_JDBC_Driver_Provider_(XA)" jndiName="jdbc/PlantsByWebSphereDataSource" recoveryAuthDataRef="RHEL73CellManager01/db2alias" type="javax.sql.XADataSource">
        <properties.db2.jcc databaseName="${DB2_Universal_JDBC_Driver_XA_DataSource_databaseName_1}" driverType="4" portNumber="${DB2_Universal_JDBC_Driver_XA_DataSource_portNumber_1}" serverName="${DB2_Universal_JDBC_Driver_XA_DataSource_serverName_1}"/>
        <connectionManager connectionTimeout="180" maxPoolSize="10"/>
    </dataSource>
    <jdbcDriver id="DB2_Universal_JDBC_Driver_Provider">
        <library>
            <file name="${DB2UNIVERSAL_JDBC_DRIVER_PATH}/db2jcc.jar"/>
            <file name="${UNIVERSAL_JDBC_DRIVER_PATH}/db2jcc_license_cu.jar"/>
            <file name="${DB2UNIVERSAL_JDBC_DRIVER_PATH}/db2jcc_license_cisuz.jar"/>
        </library>
    </jdbcDriver>
    <dataSource beginTranForResultSetScrollingAPIs="false" beginTranForVendorAPIs="false" containerAuthDataRef="RHEL73CellManager01/db2alias" id="DB2 Universal JDBC Driver DataSource" jdbcDriverRef="DB2_Universal_JDBC_Driver_Provider" jndiName="jdbc/PlantsByWebSphereDataSourceNONJTA" type="javax.sql.ConnectionPoolDataSource">
        <properties.db2.jcc databaseName="${DB2_Universal_JDBC_Driver_DataSource_databaseName_1}" driverType="4" portNumber="${DB2_Universal_JDBC_Driver_DataSource_portNumber_1}" retrieveMessagesFromServerOnGetMessage="true" serverName="${DB2_Universal_JDBC_Driver_DataSource_serverName_1}"/>
        <connectionManager connectionTimeout="180" maxPoolSize="10"/>
    </dataSource>
    
    
    
    
    <!-- The following variables, which often differ between environments, have been extracted from the migrated configuration to allow for easy substitution. -->
    <variable defaultValue="PBW" name="DB2_Universal_JDBC_Driver_XA_DataSource_databaseName_1"/>
    <variable defaultValue="50000" name="DB2_Universal_JDBC_Driver_DataSource_portNumber_1"/>
    <variable defaultValue="50000" name="DB2_Universal_JDBC_Driver_XA_DataSource_portNumber_1"/>
    <variable defaultValue="RHEL73" name="DB2_Universal_JDBC_Driver_XA_DataSource_serverName_1"/>
    <variable defaultValue="PBW" name="DB2_Universal_JDBC_Driver_DataSource_databaseName_1"/>
    <variable defaultValue="/home/db2inst1/sqllib/java" name="DB2UNIVERSAL_JDBC_DRIVER_PATH"/>
    <variable defaultValue="9443" name="httpEndpoint_secure_port_1"/>
    <variable defaultValue="RHEL73" name="DB2_Universal_JDBC_Driver_DataSource_serverName_1"/>
    <variable defaultValue="${WAS_INSTALL_ROOT}/universalDriver/lib" name="UNIVERSAL_JDBC_DRIVER_PATH"/>
    <variable defaultValue="9080" name="httpEndpoint_port_1"/>
    <variable defaultValue="*" name="httpEndpoint_host_1"/>
</server>
