{
  "domain": "javaAppServer",
  "middleware": "was",
  "host": "RHEL73",
  "assessmentUnitName": "PlantsByWebSphereEE6.ear",
  "applicationName": "PlantsByWebSphereEE6.ear",
  "dcVersion": "2.4.1",
  "collectionUnitType": "profile",
  "collectionUnitName": "Dmgr01",
  "isVirtual": "false",
  "rawDependencies": [
    {
      "domain": "database",
      "middleware": "db2",
      "assessmentUnitName": "${DB2_Universal_JDBC_Driver_XA_DataSource_databaseName_1}",
      "applicationName": "${DB2_Universal_JDBC_Driver_XA_DataSource_databaseName_1}",
      "collectionUnitType": "instance",
      "isVirtual": "false",
      "identifier": {
        "portNumber": "${DB2_Universal_JDBC_Driver_XA_DataSource_portNumber_1}",
        "databaseName": "${DB2_Universal_JDBC_Driver_XA_DataSource_databaseName_1}"
      }
    },
    {
      "domain": "database",
      "middleware": "db2",
      "assessmentUnitName": "${DB2_Universal_JDBC_Driver_DataSource_databaseName_1}",
      "applicationName": "${DB2_Universal_JDBC_Driver_DataSource_databaseName_1}",
      "collectionUnitType": "instance",
      "isVirtual": "false",
      "identifier": {
        "portNumber": "${DB2_Universal_JDBC_Driver_DataSource_portNumber_1}",
        "databaseName": "${DB2_Universal_JDBC_Driver_DataSource_databaseName_1}"
      }
    }
  ],
  "serverXml": {
    "server": {
      "description": "Configuration generated by binaryAppScanner",
      "featureManager": {
        "feature": [
          "appSecurity-2.0",
          "beanValidation-1.1",
          "cdi-1.2",
          "ejbLite-3.2",
          "javaMail-1.5",
          "jndi-1.0",
          "jpa-2.1",
          "jsf-2.2",
          "jsp-2.3",
          "servlet-3.1"
        ]
      },
      "applicationManager": {
        "autoExpand": true
      },
      "httpEndpoint": {
        "host": "${httpEndpoint_host_1}",
        "httpPort": "${httpEndpoint_port_1}",
        "httpsPort": "${httpEndpoint_secure_port_1}",
        "id": "defaultHttpEndpoint"
      },
      "enterpriseApplication": {
        "location": "PlantsByWebSphereEE6.ear"
      },
      "authData": {
        "id": "RHEL73CellManager01/db2alias",
        "password": "${RHEL73CellManager01_db2alias_password_1}",
        "user": "${RHEL73CellManager01_db2alias_user_1}"
      },
      "jdbcDriver": [
        {
          "id": "DB2_Universal_JDBC_Driver_Provider_(XA)",
          "library": {
            "file": [
              {
                "name": "${DB2UNIVERSAL_JDBC_DRIVER_PATH}/db2jcc.jar"
              },
              {
                "name": "${UNIVERSAL_JDBC_DRIVER_PATH}/db2jcc_license_cu.jar"
              },
              {
                "name": "${DB2UNIVERSAL_JDBC_DRIVER_PATH}/db2jcc_license_cisuz.jar"
              }
            ]
          }
        },
        {
          "id": "DB2_Universal_JDBC_Driver_Provider",
          "library": {
            "file": [
              {
                "name": "${DB2UNIVERSAL_JDBC_DRIVER_PATH}/db2jcc.jar"
              },
              {
                "name": "${UNIVERSAL_JDBC_DRIVER_PATH}/db2jcc_license_cu.jar"
              },
              {
                "name": "${DB2UNIVERSAL_JDBC_DRIVER_PATH}/db2jcc_license_cisuz.jar"
              }
            ]
          }
        }
      ],
      "dataSource": [
        {
          "beginTranForResultSetScrollingAPIs": false,
          "beginTranForVendorAPIs": false,
          "containerAuthDataRef": "RHEL73CellManager01/db2alias",
          "id": "DB2 Universal JDBC Driver XA DataSource",
          "jdbcDriverRef": "DB2_Universal_JDBC_Driver_Provider_(XA)",
          "jndiName": "jdbc/PlantsByWebSphereDataSource",
          "recoveryAuthDataRef": "RHEL73CellManager01/db2alias",
          "type": "javax.sql.XADataSource",
          "properties.db2.jcc": {
            "databaseName": "${DB2_Universal_JDBC_Driver_XA_DataSource_databaseName_1}",
            "driverType": 4,
            "portNumber": "${DB2_Universal_JDBC_Driver_XA_DataSource_portNumber_1}",
            "serverName": "${DB2_Universal_JDBC_Driver_XA_DataSource_serverName_1}"
          },
          "connectionManager": {
            "connectionTimeout": 180,
            "maxPoolSize": 10
          }
        },
        {
          "beginTranForResultSetScrollingAPIs": false,
          "beginTranForVendorAPIs": false,
          "containerAuthDataRef": "RHEL73CellManager01/db2alias",
          "id": "DB2 Universal JDBC Driver DataSource",
          "jdbcDriverRef": "DB2_Universal_JDBC_Driver_Provider",
          "jndiName": "jdbc/PlantsByWebSphereDataSourceNONJTA",
          "type": "javax.sql.ConnectionPoolDataSource",
          "properties.db2.jcc": {
            "databaseName": "${DB2_Universal_JDBC_Driver_DataSource_databaseName_1}",
            "driverType": 4,
            "portNumber": "${DB2_Universal_JDBC_Driver_DataSource_portNumber_1}",
            "retrieveMessagesFromServerOnGetMessage": true,
            "serverName": "${DB2_Universal_JDBC_Driver_DataSource_serverName_1}"
          },
          "connectionManager": {
            "connectionTimeout": 180,
            "maxPoolSize": 10
          }
        }
      ],
      "variable": [
        {
          "defaultValue": "PBW",
          "name": "DB2_Universal_JDBC_Driver_XA_DataSource_databaseName_1"
        },
        {
          "defaultValue": 50000,
          "name": "DB2_Universal_JDBC_Driver_DataSource_portNumber_1"
        },
        {
          "defaultValue": 50000,
          "name": "DB2_Universal_JDBC_Driver_XA_DataSource_portNumber_1"
        },
        {
          "defaultValue": "RHEL73",
          "name": "DB2_Universal_JDBC_Driver_XA_DataSource_serverName_1"
        },
        {
          "defaultValue": "PBW",
          "name": "DB2_Universal_JDBC_Driver_DataSource_databaseName_1"
        },
        {
          "defaultValue": "/home/db2inst1/sqllib/java",
          "name": "DB2UNIVERSAL_JDBC_DRIVER_PATH"
        },
        {
          "defaultValue": 9443,
          "name": "httpEndpoint_secure_port_1"
        },
        {
          "defaultValue": "RHEL73",
          "name": "DB2_Universal_JDBC_Driver_DataSource_serverName_1"
        },
        {
          "defaultValue": "${WAS_INSTALL_ROOT}/universalDriver/lib",
          "name": "UNIVERSAL_JDBC_DRIVER_PATH"
        },
        {
          "defaultValue": 9080,
          "name": "httpEndpoint_port_1"
        },
        {
          "defaultValue": "*",
          "name": "httpEndpoint_host_1"
        }
      ]
    }
  }
}