{
   "report": "inventory",
   "version": "3.0",
   "productVersion": "9.0",
   "productRelease": "20.0.0.4",
   "buildID": "v20201112_1316",
   "options": [
   ],
   "applications": [
      "/opt/IBM/WebSphere/AppServer/profiles/Dmgr01/config/cells/RHEL73Cell01/applications/PlantsByWebSphereEE6.ear/PlantsByWebSphereEE6.ear"
   ],
   "sharedLibraries": [
   ],
   "archives": {
      "ears": 1,
      "wars": 1,
      "rars": 0,
      "ejbs": 0,
      "webFragments": 0,
      "utilityJars": 1,
      "appClients": 0
   },
   "summary": {
      "servlets": 4,
      "jsps": 3,
      "jpaEntities": 6,
      "bmpEntityBeans": 0,
      "cmpEntityBeans": 0,
      "messageDrivenBeans": 0,
      "singletonSessionBeans": 0,
      "statefulSessionBeans": 1,
      "statelessSessionBeans": 6,
      "jaxrpcConsumers": 0,
      "jaxrpcProviders": 0,
      "jaxrsConsumers": 0,
      "jaxrsProviders": 0,
      "jaxwsConsumers": 0,
      "jaxwsProviders": 0,
      "springBeans": 0
   },
   "archiveInventory": [
      {
         "archiveName": "/opt/IBM/WebSphere/AppServer/profiles/Dmgr01/config/cells/RHEL73Cell01/applications/PlantsByWebSphereEE6.ear/PlantsByWebSphereEE6.ear",
         "moduleType": "Enterprise archive",
         "moduleVersion": null,
         "metadataComplete": null,
         "moduleSize": 3157606,
         "checksum": "07a3da99ca2da286ed403d22f9395913",
         "archives": {
            "wars": 1,
            "rars": 0,
            "ejbs": 0,
            "utilityJars": 1,
            "appClients": 0
         },
         "summary": {
            "servlets": 4,
            "jsps": 3,
            "jpaEntities": 6,
            "bmpEntityBeans": 0,
            "cmpEntityBeans": 0,
            "messageDrivenBeans": 0,
            "singletonSessionBeans": 0,
            "statefulSessionBeans": 1,
            "statelessSessionBeans": 6,
            "jaxrpcConsumers": 0,
            "jaxrpcProviders": 0,
            "jaxrsConsumers": 0,
            "jaxrsProviders": 0,
            "jaxwsConsumers": 0,
            "jaxwsProviders": 0,
            "springBeans": 0
         },
         "potentialDeploymentProblemsSummary": {
            "archivesContainingDuplicateClasses": 0,
            "archivesContainingJavaEEorSEClasses": 0,
            "archivesContainingConflictingOpenSourceSoftwareClasses": 0,
            "archivesContainingWebSphereClasses": 0,
            "archivesNotReferencedInTheApplication": 0,
            "archivesWithMissingDependenciesInTheApplication": 0,
            "classesWithSystemLevelJVMConfiguration": 0,
            "sharedLibrariesReferencingApplicationClasses": 0
         },
         "potentialDeploymentProblemsDetails": [
            {
               "duplicateClassesWithinClassLoader": [
               ]
            },
            {
               "duplicateClassesAcrossApplication": [
               ]
            },
            {
               "javaEEandSEClasses": [
               ]
            },
            {
               "duplicateWebSphereClasses": [
               ]
            },
            {
               "openSourceSoftwareClasses": [
               ]
            },
            {
               "archivesNotReferenced": [
               ]
            },
            {
               "missingDependencies": [
               ]
            },
            {
               "classesWithSystemLevelJVMConfiguration": [
               ]
            },
            {
               "sharedLibraryDependencies": [
               ]
            }
         ],
         "performanceConsiderations": {
            "archivesThatAreCandidatesForMetadataCompleteTrueAttribute": [
            ],
            "webModulesWithExcessiveClassFiles": [
            ],
            "webModulesWithExcessiveStaticResources": [
            ]
         },
         "operationalConsiderations": {
            "deploymentTargets": {
               "nonClusteredServers": [
                  {
                     "name": "server1",
                     "node": "RHEL73Node01"
                  }
               ]
            }
         },
         "containedArchiveInventory": [
            {
               "archiveName": "/opt/IBM/WebSphere/AppServer/profiles/Dmgr01/config/cells/RHEL73Cell01/applications/PlantsByWebSphereEE6.ear/PlantsByWebSphereEE6.ear/PlantsByWebSphere.war",
               "moduleType": "Web module",
               "moduleVersion": "3.0",
               "metadataComplete": "Unspecified",
               "checksum": "9fd5a4a85260837a29b9d22af46c3ac4",
               "archives": {
                  "ejbs": 0,
                  "webFragments": 0,
                  "utilityJars": 0
               },
               "summary": {
                  "servlets": 4,
                  "jsps": 3,
                  "jpaEntities": 6,
                  "bmpEntityBeans": 0,
                  "cmpEntityBeans": 0,
                  "messageDrivenBeans": 0,
                  "singletonSessionBeans": 0,
                  "statefulSessionBeans": 1,
                  "statelessSessionBeans": 6,
                  "jaxrpcConsumers": 0,
                  "jaxrpcProviders": 0,
                  "jaxrsConsumers": 0,
                  "jaxrsProviders": 0,
                  "jaxwsConsumers": 0,
                  "jaxwsProviders": 0,
                  "springBeans": 0
               }
            },
            {
               "archiveName": "/opt/IBM/WebSphere/AppServer/profiles/Dmgr01/config/cells/RHEL73Cell01/applications/PlantsByWebSphereEE6.ear/PlantsByWebSphereEE6.ear/lib/pbw-lib.jar",
               "moduleType": "Utility JAR",
               "checksum": "951eb78b0371a64c57d9df6b31d3b7f6",
               "containedPackages": [
                  "com.ibm.websphere"
               ]
            }
         ]
      }
   ],
   "sharedLibraryDetails": [
   ]
}